{"train_loss": [0.8316204672752145, 0.4950577689948695, 0.3981239299534419, 0.3307715792562709, 0.26735078264548123, 0.24534639187531765, 0.20256865350269407, 0.18256940117220305, 0.14487632897854183, 0.12343717476758877, 0.11048236936226737, 0.10703267095423194, 0.08881495657569453, 0.07692773438802811, 0.06154022573144825], "val_loss": [0.5581136636790776, 0.45212808428775697, 0.3807559914532162, 0.2653928289101237, 0.21288045247395834, 0.23026846526634126, 0.19166304295261702, 0.23197261230754002, 0.1467802192838419, 0.13960421830415726, 0.1341486546166596, 0.09021182034519457, 0.10434039624496586, 0.09807281981089286, 0.09163741705318292], "train_acc": [0.6950280112044818, 0.8135504201680672, 0.8497899159663865, 0.8797268907563025, 0.8979341736694678, 0.9089635854341737, 0.9261204481792717, 0.9338235294117647, 0.9464285714285714, 0.9546568627450981, 0.959733893557423, 0.9634103641456583, 0.9679621848739496, 0.9754901960784313, 0.9809173669467787], "val_acc": [0.7801526717557252, 0.8351145038167939, 0.8442748091603054, 0.8961832061068702, 0.916030534351145, 0.9129770992366413, 0.9282442748091603, 0.9145038167938931, 0.9450381679389313, 0.9496183206106871, 0.9587786259541985, 0.9755725190839695, 0.9603053435114504, 0.9648854961832061, 0.9770992366412213]}