{"train_loss": [0.9479936183164905, 0.4949174762271636, 0.37674486245855937, 0.3156907242936129, 0.27163816407822367, 0.22748724262974115, 0.19429530213748278, 0.18006077552391164, 0.16008860550758391, 0.1420112581996445, 0.12704751023492, 0.10303573750021904, 0.09287154701064919, 0.08017498975120194, 0.07723523306727992, 0.06914565845408253, 0.056887808702651976, 0.07352459147525692, 0.05748896420915096, 0.04782233836243772], "val_loss": [0.541486375388645, 0.47505482889357065, 0.3493545520163718, 0.3373947054857299, 0.21599601794566428, 0.20225504519683973, 0.19269942279372895, 0.18289368599653244, 0.27023004988829297, 0.14538288675248623, 0.14551974105693044, 0.10010615416935512, 0.10816228478437379, 0.13251702913216182, 0.14703709951468877, 0.08873857637601239, 0.09862653501997036, 0.06744507895339102, 0.08810244633683137, 0.08968177542001718], "train_acc": [0.7132352941176471, 0.8098739495798319, 0.8560924369747899, 0.8800770308123249, 0.8988095238095238, 0.9142156862745098, 0.9275210084033614, 0.9341736694677871, 0.9453781512605042, 0.9511554621848739, 0.9550070028011205, 0.9630602240896359, 0.9669117647058824, 0.9725140056022409, 0.9730392156862745, 0.9781162464985994, 0.9824929971988795, 0.9758403361344538, 0.9809173669467787, 0.9854691876750701], "val_acc": [0.7770992366412214, 0.8076335877862595, 0.8625954198473282, 0.867175572519084, 0.9190839694656489, 0.9221374045801527, 0.9251908396946565, 0.9267175572519084, 0.9038167938931297, 0.934351145038168, 0.9450381679389313, 0.9648854961832061, 0.9679389312977099, 0.9511450381679389, 0.9480916030534351, 0.9725190839694656, 0.9633587786259542, 0.9786259541984733, 0.9709923664122138, 0.9725190839694656]}